{
  "version": 1,
  "author": "dj1420",
  "editor": "wokwi",
  "parts": [
    { "type": "wokwi-arduino-mega", "id": "mega", "top": 96.6, "left": 6, "attrs": {} },
    { "type": "wokwi-ili9341", "id": "lcd2", "top": -200.8, "left": 479.7, "attrs": {} },
    {
      "type": "wokwi-pushbutton",
      "id": "btn1",
      "top": 54.2,
      "left": 739.2,
      "attrs": { "color": "red", "key": "ArrowRight" }
    },
    {
      "type": "wokwi-resistor",
      "id": "r1",
      "top": 292.8,
      "left": 652.25,
      "rotate": 90,
      "attrs": { "value": "10000" }
    },
    {
      "type": "wokwi-buzzer",
      "id": "bz1",
      "top": -64.8,
      "left": 232.2,
      "attrs": { "volume": "0.1" }
    }
  ],
  "connections": [
    [ "lcd2:VCC", "mega:5V", "red", [ "v230.4", "h-355.2" ] ],
    [ "lcd2:GND", "mega:GND.2", "black", [ "v240", "h-355.2" ] ],
    [ "mega:6", "lcd2:CS", "green", [ "v-28.8", "h216.4", "v124.8", "h134.4" ] ],
    [ "mega:7", "lcd2:D/C", "violet", [ "v-38.4", "h236", "v124.8", "h124.8" ] ],
    [ "mega:11", "lcd2:MOSI", "gold", [ "v-48", "h297.2", "v124.8", "h124.8" ] ],
    [ "lcd2:SCK", "mega:13", "blue", [ "v19.2", "h-115.21", "v-67.2", "h-9.6" ] ],
    [ "lcd2:LED", "mega:5V.2", "orange", [ "v0" ] ],
    [ "lcd2:MISO", "mega:12", "white", [ "v124.8", "h-201.61", "v-124.8", "h-57.6" ] ],
    [ "lcd2:RST", "mega:10", "green", [ "v48", "h-96", "v-86.4", "h-288" ] ],
    [ "mega:3.3V", "btn1:1.l", "green", [ "v74.1", "h549.4" ] ],
    [ "r1:1", "mega:GND.5", "green", [ "h0" ] ],
    [ "r1:2", "btn1:2.l", "green", [ "v8.4", "h48", "v-249.8" ] ],
    [ "btn1:2.r", "mega:18", "cyan", [ "h19.4", "v153.8", "h-511.1" ] ],
    [ "mega:15", "bz1:2", "red", [ "v0" ] ],
    [ "bz1:1", "mega:GND.1", "black", [ "h-134.4", "v86.4" ] ]
  ],
  "dependencies": {}
}